observation_date,DCOILBRENTEU,DHHNGSP
05/08/13,103.79,3.86
05/09/13,103.59,3.87
05/10/13,101.31,3.9
05/13/13,102.17,3.87
05/14/13,102.7,3.93
05/15/13,101.57,4.03
05/16/13,104.27,4.01
05/17/13,103.83,3.89
05/20/13,104.55,4.1
05/21/13,103.1,4.13
05/22/13,102.14,4.16
05/23/13,100.46,4.15
05/24/13,101.24,4.15
05/28/13,103.77,4.19
05/29/13,102.14,4.15
05/30/13,101.79,4.12
05/31/13,100.43,4.02
06/03/13,101.63,4
06/04/13,102.04,4
06/05/13,103.51,3.99
06/06/13,103.37,3.93
06/07/13,104.07,3.79
06/10/13,103.87,3.85
06/11/13,101.5,3.77
06/12/13,103.11,3.74
06/13/13,103.38,3.73
06/14/13,105.1,3.76
06/17/13,105.8,3.78
06/18/13,105.21,3.9
06/19/13,105.56,3.93
06/20/13,102.72,3.9
06/21/13,100.36,3.85
06/24/13,99.8,3.81
06/25/13,101.51,3.77
06/26/13,100.62,3.72
06/27/13,102.74,3.73
06/28/13,102.49,3.57
07/01/13,103.19,3.52
07/02/13,103.96,3.58
07/03/13,106.12,3.54
07/05/13,107.46,3.52
07/08/13,107.75,3.65
07/09/13,107.9,3.69
07/10/13,108.43,3.69
07/11/13,108.18,3.64
07/12/13,109.03,3.61
07/15/13,109.05,3.67
07/16/13,109.29,3.69
07/17/13,109.67,3.67
07/18/13,109.71,3.66
07/19/13,109.34,3.78
07/22/13,108.82,3.71
07/23/13,109.27,3.68
07/24/13,108.23,3.7
07/25/13,108.1,3.68
07/26/13,107.57,3.59
07/29/13,108.1,3.49
07/30/13,107.47,3.48
07/31/13,107.89,3.46
08/01/13,109.94,3.44
08/02/13,109.63,3.39
08/05/13,109.81,3.33
08/06/13,108.77,3.35
08/07/13,108.39,3.32
08/08/13,107.32,3.27
08/09/13,108.49,3.32
08/12/13,109.28,3.34
08/13/13,110.69,3.34
08/14/13,110.26,3.36
08/15/13,111.58,3.34
08/16/13,111.82,3.35
08/19/13,111.41,3.46
08/20/13,110.74,3.48
08/21/13,110.82,3.51
08/22/13,110.51,3.52
08/23/13,112.12,3.5
08/26/13,112.23,3.55
08/27/13,115.21,3.5
08/28/13,116.27,3.54
08/29/13,116.91,3.58
08/30/13,115.97,3.57
09/03/13,115.49,3.64
09/04/13,115.65,3.68
09/05/13,115.81,3.7
09/06/13,117.15,3.55
09/09/13,115.2,3.62
09/10/13,112.1,3.65
09/11/13,112.37,3.6
09/12/13,113.11,3.57
09/13/13,113.31,3.6
09/16/13,110.86,3.64
09/17/13,109.05,3.77
09/18/13,109.09,3.72
09/19/13,110.66,3.73
09/20/13,110.22,3.68
09/23/13,108.56,3.66
09/24/13,107.68,3.59
09/25/13,109.46,3.52
09/26/13,108.86,3.49
09/27/13,109.45,3.51
09/30/13,107.85,3.48
10/01/13,107.32,3.56
10/02/13,109.09,3.63
10/03/13,109.49,3.58
10/04/13,109.42,3.57
10/07/13,109.66,3.62
10/08/13,110.56,3.72
10/09/13,109.02,3.7
10/10/13,111.63,3.74
10/11/13,110.65,3.74
10/14/13,110.13,3.82
10/15/13,110.67,3.83
10/16/13,110.79,3.84
10/17/13,109.55,3.75
10/18/13,109.4,3.72
10/21/13,109.47,3.77
10/22/13,109.57,3.7
10/23/13,107.74,3.66
10/24/13,106.63,3.65
10/25/13,105.7,3.69
10/28/13,108.29,3.61
10/29/13,108.04,3.57
10/30/13,108.41,3.55
10/31/13,107.53,3.57
11/01/13,105.78,3.45
11/04/13,104.85,3.38
11/05/13,105.01,3.37
11/06/13,105.46,3.46
11/07/13,103.08,3.59
11/08/13,104.29,3.54
11/11/13,105.76,3.62
11/12/13,106.29,3.69
11/13/13,106.9,3.69
11/14/13,108.29,3.52
11/15/13,108.25,3.56
11/18/13,108.8,3.71
11/19/13,108.29,3.63
11/20/13,108.27,3.63
11/21/13,109.9,3.68
11/22/13,111.36,3.78
11/25/13,110.83,3.85
11/26/13,112.04,3.87
11/27/13,111.32,3.87
11/29/13,111.07,3.87
12/02/13,111.49,3.85
12/03/13,113.06,3.84
12/04/13,113.27,3.89
12/05/13,112.07,3.97
12/06/13,111.5,4.15
12/09/13,110.07,4.24
12/10/13,108.91,4.24
12/11/13,109.47,4.24
12/12/13,108.99,4.4
12/13/13,108.08,4.44
12/16/13,110.3,4.21
12/17/13,108.91,4.2
12/18/13,109.56,4.25
12/19/13,110.78,4.25
12/20/13,112.15,4.35
12/23/13,111.58,4.52
12/24/13,111.57,4.52
12/26/13,111.65,4.4
12/27/13,112.06,4.34
12/30/13,110.47,4.41
12/31/13,109.95,4.31
01/02/14,107.94,4.32
01/03/14,106.57,4.39
01/06/14,106.71,4.5
01/07/14,107.01,4.58
01/08/14,107.42,4.36
01/09/14,107.49,4.15
01/10/14,106.44,3.95
01/13/14,108.02,4.19
01/14/14,107.12,4.36
01/15/14,108.09,4.45
01/16/14,107.46,4.55
01/17/14,108.45,4.39
01/20/14,108.01,4.61
01/21/14,109.17,4.92
01/22/14,109.69,5.64
01/23/14,109.69,5.17
01/24/14,109.14,5.66
01/27/14,108.72,5.25
01/28/14,109.1,5.23
01/29/14,108.83,5.27
01/30/14,109.36,5.04
01/31/14,108.16,5.04
02/03/14,106.55,5.78
02/04/14,107.04,8.12
02/05/14,106.81,6.9
02/06/14,108.15,5.92
02/07/14,110.12,8.15
02/10/14,110.18,7.75
02/11/14,109.21,5.96
02/12/14,108.62,5.34
02/13/14,108.98,5.54
02/14/14,108.63,5.8
02/18/14,110.14,6
02/19/14,110.37,5.96
02/20/14,109.42,6.24
02/21/14,109.03,6.08
02/24/14,109.76,5.21
02/25/14,109.19,4.81
02/26/14,109.39,4.61
02/27/14,108.54,4.8
02/28/14,108.98,7.09
03/03/14,111.26,7.98
03/04/14,109.17,6.46
03/05/14,108.15,4.89
03/06/14,107.99,4.78
03/07/14,109.14,4.67
03/10/14,108.27,4.67
03/11/14,108.35,4.72
03/12/14,107.88,4.41
03/13/14,107.48,4.4
03/14/14,108.08,4.57
03/17/14,106.99,4.42
03/18/14,106.79,4.43
03/19/14,105.95,4.39
03/20/14,105.73,4.33
03/21/14,107.2,4.42
03/24/14,106.59,4.53
03/25/14,107.01,4.44
03/26/14,105.9,4.39
03/27/14,106.58,4.5
03/28/14,106.64,4.48
03/31/14,105.95,4.39
04/01/14,105.7,4.39
04/02/14,103.37,4.51
04/03/14,104.88,4.49
04/04/14,106.41,4.58
04/07/14,104.89,4.57
04/08/14,105.83,4.67
04/09/14,107.39,4.67
04/10/14,107.1,4.67
04/11/14,107.34,4.64
04/14/14,107.68,4.69
04/15/14,109.1,4.64
04/16/14,109.71,4.64
04/17/14,109.79,4.76
04/21/14,109.69,4.76
04/22/14,108.54,4.81
04/23/14,108.48,4.81
04/24/14,109.79,4.83
04/25/14,109.53,4.72
04/28/14,109.12,4.78
04/29/14,109.89,4.79
04/30/14,108.63,4.79
05/01/14,108.63,4.73
05/02/14,109.48,4.73
05/05/14,109.48,4.8
05/06/14,108.3,4.82
05/07/14,108.17,4.77
05/08/14,108.19,4.59
05/09/14,108.26,4.52
05/12/14,108.37,4.47
05/13/14,108.78,4.47
05/14/14,109.87,4.42
05/15/14,109.74,4.42
05/16/14,110.9,4.54
05/19/14,110.84,4.53
05/20/14,110.35,4.57
05/21/14,111.32,4.57
05/22/14,110.89,4.4
05/23/14,110.19,4.4
05/26/14,110.01,4.56
05/27/14,109.81,4.63
05/28/14,109.09,4.49
05/29/14,109.98,4.49
05/30/14,109.21,4.62
06/02/14,109.34,4.62
06/03/14,108.87,4.66
06/04/14,109.07,4.66
06/05/14,108.43,4.67
06/06/14,109.21,4.67
06/09/14,110.55,4.51
06/10/14,109.18,4.51
06/11/14,109.83,4.7
06/12/14,112.18,4.71
06/13/14,113.15,4.68
06/16/14,113.42,4.68
06/17/14,114.02,4.67
06/18/14,114.25,4.53
06/19/14,115.19,4.53
06/20/14,114.55,4.49
06/23/14,113.62,4.58
06/24/14,113.74,4.58
06/25/14,112.84,4.39
06/26/14,112.61,4.39
06/27/14,112.62,4.47
06/30/14,111.03,4.47
07/01/14,110.84,4.31
07/02/14,110.18,4.31
07/03/14,108.98,4.18
07/07/14,108.7,4.17
07/08/14,107.65,4.15
07/09/14,106.84,4.13
07/10/14,106.2,4.13
07/11/14,105.77,4.13
07/14/14,104.73,4.16
07/15/14,104.73,4.04
07/16/14,105.41,4.08
07/17/14,106.04,3.87
07/18/14,106.03,3.81
07/21/14,105.71,3.83
07/22/14,106.48,3.83
07/23/14,106.85,3.86
07/24/14,105.78,3.84
07/25/14,106.89,3.79
07/28/14,106.7,3.78
07/29/14,106.98,3.78
07/30/14,106.47,3.77
07/31/14,104.94,3.87
08/01/14,103.45,3.87
08/04/14,103.63,3.92
08/05/14,102.82,3.99
08/06/14,104.17,3.94
08/07/14,104.02,4
08/08/14,103.36,3.94
08/11/14,103.47,3.9
08/12/14,101.68,3.85
08/13/14,102.27,3.8
08/14/14,101.15,3.78
08/15/14,101.13,3.84
08/18/14,99.37,3.88
08/19/14,99.74,3.88
08/20/14,99.92,3.88
08/21/14,100.28,3.94
08/22/14,100.09,3.99
08/25/14,100.49,4.02
08/26/14,100.5,4.06
08/27/14,100.4,4.04
08/28/14,100.71,4.01
08/29/14,101.12,3.94
09/02/14,100.21,3.91
09/03/14,100.88,3.86
09/04/14,101.21,3.86
09/05/14,99.51,3.93
09/08/14,99.53,3.98
09/09/14,98.08,3.94
09/10/14,96.26,3.82
09/11/14,96.42,3.92
09/12/14,96.31,3.85
09/15/14,96.43,3.97
09/16/14,97.39,3.99
09/17/14,97.7,3.99
09/18/14,96.82,3.88
09/19/14,96.75,3.9
09/22/14,95.37,3.84
09/23/14,94.87,3.89
09/24/14,94.53,3.89
09/25/14,95.2,3.89
09/26/14,95.08,4.14
09/29/14,95.7,4.14
09/30/14,94.67,4
10/01/14,94.57,3.94
10/02/14,91.29,3.89
10/03/14,90.8,3.88
10/06/14,90.65,3.88
10/07/14,90.9,3.87
10/08/14,90.25,3.86
10/09/14,90.47,3.87
10/10/14,88.66,3.91
10/13/14,87.82,3.81
10/14/14,86.36,3.8
10/15/14,84.02,3.73
10/16/14,84.02,3.69
10/17/14,85.27,3.62
10/20/14,84.42,3.69
10/21/14,85.17,3.6
10/22/14,86.38,3.53
10/23/14,85.94,3.56
10/24/14,86,3.53
10/27/14,85.64,3.6
10/28/14,85.57,3.76
10/29/14,86.91,3.82
10/30/14,85.5,3.82
10/31/14,84.17,3.67
11/03/14,84.9,3.83
11/04/14,82.12,3.92
11/05/14,82.88,3.92
11/06/14,82.08,4.18
11/07/14,83.2,4.18
11/10/14,82.9,4.2
11/11/14,80.94,4.2
11/12/14,80.42,4.05
11/13/14,77.74,4.26
11/14/14,77.51,4.33
11/17/14,76.86,4.41
11/18/14,77.23,4.41
11/19/14,77.21,4.32
11/20/14,77.61,4.09
11/21/14,79.2,4.09
11/24/14,79.62,4.15
11/25/14,77.62,4.3
11/26/14,77.39,4.3
11/28/14,71.89,3.77
12/01/14,70.87,3.63
12/02/14,71.13,3.63
12/03/14,70.13,3.42
12/04/14,68.48,3.42
12/05/14,68,3.63
12/08/14,65.64,3.65
12/09/14,66.11,3.68
12/10/14,63.32,3.91
12/11/14,63.65,3.72
12/12/14,61.67,3.58
12/15/14,61.09,3.72
12/16/14,60.26,3.71
12/17/14,59.84,3.71
12/18/14,58.81,3.05
12/19/14,58.87,2.99
12/22/14,58.31,2.99
12/23/14,59.07,2.74
12/24/14,58.67,3.07
12/26/14,58.72,3.14
12/29/14,57.86,3.14
12/30/14,55.6,3.01
12/31/14,55.27,3.22
01/02/15,55.38,2.98
01/05/15,51.08,3.08
01/06/15,50.12,2.92
01/07/15,49.06,2.96
01/08/15,49.43,2.9
01/09/15,47.64,2.92
01/12/15,46.9,3.15
01/13/15,45.13,3.32
01/14/15,45.82,3.11
01/15/15,47.66,2.94
01/16/15,47.38,2.94
01/20/15,46.49,2.95
01/21/15,46.5,2.96
01/22/15,46.09,2.92
01/23/15,46.69,2.96
01/26/15,46.07,2.89
01/27/15,46.55,2.88
01/28/15,47.07,2.88
01/29/15,46.61,2.88
01/30/15,47.52,2.67
02/02/15,51.74,2.73
02/03/15,54.41,2.66
02/04/15,55.07,2.66
02/05/15,55.98,2.62
02/06/15,55.88,2.67
02/09/15,57,2.86
02/10/15,55.79,2.86
02/11/15,53.48,2.75
02/12/15,56.23,2.75
02/13/15,60.33,2.92
02/16/15,61.57,2.92
02/17/15,60.78,3.02
02/18/15,60.72,3.22
02/19/15,58.78,3.22
02/20/15,60.99,3.21
02/23/15,59.78,3.21
02/24/15,60.33,2.79
02/25/15,59.77,2.79
02/26/15,61.39,3
02/27/15,61.89,3.27
03/02/15,60.75,3.27
03/03/15,61.18,2.89
03/04/15,59.18,2.75
03/05/15,60.33,2.76
03/06/15,59.15,2.76
03/09/15,58.67,2.82
03/10/15,55.95,2.72
03/11/15,56.46,2.68
03/12/15,56.66,2.82
03/13/15,54.8,2.8
03/16/15,52,2.86
03/17/15,52.17,2.86
03/18/15,52.59,2.72
03/19/15,52.96,2.79
03/20/15,53.88,2.77
03/23/15,53.82,2.77
03/24/15,53.61,2.89
03/25/15,54.18,2.64
03/26/15,57.02,2.65
03/27/15,56.44,2.62
03/30/15,53.99,2.63
03/31/15,53.69,2.63
04/01/15,55.73,2.71
04/02/15,55.73,2.71
04/06/15,55.73,2.72
04/07/15,57.55,2.58
04/08/15,56.42,2.58
04/09/15,56.04,2.58
04/10/15,56.82,2.62
04/13/15,57.14,2.61
04/14/15,57.69,2.67
04/15/15,59.32,2.57
04/16/15,60.13,2.59
04/17/15,61.31,2.63
04/20/15,61.2,2.59
04/21/15,60.12,2.59
04/22/15,60.12,2.5
04/23/15,62.66,2.55
04/24/15,62.96,2.55
04/27/15,62.86,2.56
04/28/15,62.61,2.68
04/29/15,63.97,2.72
04/30/15,63.9,2.76
05/01/15,64.13,2.76
05/04/15,64.62,2.74
05/05/15,65.44,2.78
05/06/15,66.22,2.85
05/07/15,64.93,2.85
05/08/15,63.82,2.85
05/11/15,62.82,2.87
05/12/15,65.09,2.96
05/13/15,66.33,3.01
05/14/15,65.58,3.01
05/15/15,64.69,3.04
05/18/15,65.15,2.96
05/19/15,63.48,2.96
05/20/15,63.52,2.82
05/21/15,64.7,2.82
05/22/15,64.7,2.78
05/26/15,61.65,2.78
05/27/15,61.35,2.78
05/28/15,60.12,2.63
05/29/15,63.16,2.65
06/01/15,62.87,2.6
06/02/15,63.14,2.6
06/03/15,62.78,2.6
06/04/15,60.34,2.72
06/05/15,60.36,2.81
06/08/15,61.33,2.88
06/09/15,63.23,2.88
06/10/15,64.68,2.89
06/11/15,63.76,2.94
06/12/15,63.19,2.93
06/15/15,60.99,2.93
06/16/15,60.75,2.81
06/17/15,60.75,2.79
06/18/15,61.37,2.83
06/19/15,59.41,2.83
06/22/15,60.54,2.8
06/23/15,61.67,2.77
06/24/15,61.63,2.77
06/25/15,60.24,2.8
06/26/15,60.14,2.78
06/29/15,59.03,2.79
06/30/15,60.31,2.79
07/01/15,61.65,2.79
07/02/15,61.73,2.77
07/03/15,59.06,2.77
07/06/15,57.19,2.7
07/07/15,54.72,2.7
07/08/15,55.7,2.88
07/09/15,57.83,2.88
07/10/15,57.72,2.93
07/13/15,57.63,2.9
07/14/15,57.2,2.88
07/15/15,57.34,2.88
07/16/15,57.31,2.84
07/17/15,56.38,2.84
07/20/15,56.42,2.92
07/21/15,55.94,2.92
07/22/15,56.36,2.92
07/23/15,55.76,2.89
07/24/15,54.29,2.91
07/27/15,54.07,2.87
07/28/15,54.3,2.76
07/29/15,54.73,2.76
07/30/15,54.29,2.83
07/31/15,53.29,2.85
08/03/15,49.49,2.76
08/04/15,49.08,2.76
08/05/15,49.04,2.85
08/06/15,47.8,2.84
08/07/15,47.54,2.93
08/10/15,48.3,2.93
08/11/15,47.33,2.83
08/12/15,48.29,2.79
08/13/15,48.01,2.71
08/14/15,47.79,2.77
08/17/15,47.77,2.77
08/18/15,47,2.7
08/19/15,45.75,2.65
08/20/15,45.63,2.71
08/21/15,43.84,2.73
08/24/15,41.59,2.69
08/25/15,41.86,2.69
08/26/15,41.76,2.7
08/27/15,44.46,2.7
08/28/15,47.97,2.7
09/01/15,48.8,2.67
09/02/15,47.67,2.67
09/03/15,50.41,2.67
09/04/15,48.59,2.74
09/07/15,46.42,2.74
09/08/15,48.88,2.71
09/09/15,48.04,2.67
09/10/15,47.77,2.7
09/11/15,46.87,2.74
09/14/15,45.87,2.69
09/15/15,45.91,2.69
09/16/15,49.35,2.69
09/17/15,48.27,2.61
09/18/15,47.28,2.61
09/21/15,47.64,2.62
09/22/15,46.69,2.62
09/23/15,48,2.6
09/24/15,47.06,2.66
09/25/15,47.28,2.57
09/28/15,46.04,2.47
09/29/15,47.58,2.37
09/30/15,47.29,2.37
10/01/15,47.48,2.34
10/02/15,46.55,2.35
10/05/15,49.45,2.35
10/06/15,51.34,2.35
10/07/15,51.66,2.49
10/08/15,52.13,2.48
10/09/15,52.08,2.47
10/12/15,50.95,2.47
10/13/15,48.94,2.54
10/14/15,48.25,2.42
10/15/15,47.87,2.43
10/16/15,48.96,2.46
10/19/15,47.51,2.37
10/20/15,46.93,2.37
10/21/15,46.72,2.28
10/22/15,46.59,2.18
10/23/15,46.3,2.14
10/26/15,46.57,2.14
10/27/15,45.54,2.15
10/28/15,47.6,1.98
10/29/15,48.04,1.92
10/30/15,48,1.92
11/02/15,47.91,2.04
11/03/15,48,2.04
11/04/15,46.96,2.19
11/05/15,47.19,2.19
11/06/15,46.09,2.14
11/09/15,45.38,2.13
11/10/15,46.44,2.05
11/11/15,44.98,2.02
11/12/15,44.98,2.02
11/13/15,41.98,2.05
11/16/15,40.28,2.1
11/17/15,41.28,2.1
11/18/15,41.45,2.18
11/19/15,42.22,2.18
11/20/15,42.49,2.14
11/23/15,43.7,2.14
11/24/15,44.38,2.14
11/25/15,43.56,2.14
11/26/15,43.55,2.11
11/27/15,43.07,2.11
11/30/15,43.73,2.19
12/01/15,42.97,2.14
12/02/15,41.92,2.1
12/03/15,42,2.06
12/04/15,41.44,2.01
12/07/15,39.69,2
12/08/15,39.44,1.95
12/09/15,39.04,1.79
12/10/15,38.65,1.7
12/11/15,36.99,1.66
12/14/15,36.51,1.7
12/15/15,37.66,1.79
12/16/15,36.96,1.74
12/17/15,36.29,1.76
12/18/15,36.76,1.73
12/21/15,35.34,1.63
12/22/15,35.26,1.63
12/23/15,35.79,1.63
12/24/15,37.22,2.11
12/28/15,37.08,2.39
12/29/15,36.85,2.28
12/30/15,35.65,2.28
12/31/15,36.61,2.28
01/04/16,36.28,2.39
01/05/16,35.56,2.33
01/06/16,33.89,2.37
01/07/16,33.57,2.35
01/08/16,31.67,2.47
01/11/16,30.14,2.54
01/12/16,29.14,2.4
01/13/16,28.58,2.28
01/14/16,28.84,2.21
01/15/16,28.8,2.18
01/18/16,27.36,2.18
01/19/16,27.36,2.23
01/20/16,26.01,2.18
01/21/16,27.59,2.22
01/22/16,30.46,2.21
01/25/16,29.82,2.16
01/26/16,30.94,2.26
01/27/16,31.83,2.26
01/28/16,33.01,2.15
01/29/16,33.14,2.28
02/01/16,32.45,2.28
02/02/16,30.98,2.07
02/03/16,32.38,2.06
02/04/16,32.76,2.07
02/05/16,32.35,2.08
02/08/16,31.64,2.23
02/09/16,30.15,2.17
02/10/16,29.64,2.16
02/11/16,28.82,2.15
02/12/16,31.8,2.08
02/16/16,31.09,2.08
02/17/16,33.21,1.95
02/18/16,33.2,1.93
02/19/16,31.66,1.89
02/22/16,33.59,1.83
02/23/16,31.9,1.86
02/24/16,31.5,1.85
02/25/16,32.83,1.85
02/26/16,35.76,1.78
02/29/16,35.92,1.78
03/01/16,35.73,1.62
03/02/16,36.38,1.57
03/03/16,35.75,1.6
03/04/16,37.61,1.59
03/07/16,39.02,1.49
03/08/16,39.16,1.56
03/09/16,40.26,1.6
03/10/16,38.63,1.61
03/11/16,39.41,1.72
03/14/16,38.06,1.74
03/15/16,37.49,1.68
03/16/16,38.38,1.81
03/17/16,39.29,1.77
03/18/16,39.26,1.84
03/21/16,39.91,1.84
03/22/16,40.54,1.79
03/23/16,38.84,1.79
03/24/16,38.33,1.79
03/28/16,38.33,1.78
03/29/16,36.75,1.78
03/30/16,36.75,1.78
03/31/16,36.75,1.77
04/01/16,36.42,1.87
04/04/16,36.05,1.98
04/05/16,35.88,1.88
04/06/16,37.77,1.96
04/07/16,37.15,1.96
04/08/16,40.71,1.91
04/11/16,41.58,1.96
04/12/16,43.02,1.99
04/13/16,42.81,1.9
04/14/16,43.02,1.97
04/15/16,41.32,2.01
04/18/16,41.64,1.93
04/19/16,43.02,1.71
04/20/16,43.09,1.76
04/21/16,43.48,1.94
04/22/16,43.97,1.94
04/25/16,42.97,1.96
04/26/16,43.94,1.92
04/27/16,44.17,1.97
04/28/16,45.6,1.97
04/29/16,45.64,1.88
05/02/16,45.82,1.88
05/03/16,43.09,1.89
05/04/16,43.08,1.91
05/05/16,44.39,1.94
05/06/16,44.6,2.03
05/09/16,42.43,2.05
05/10/16,44.01,1.86
05/11/16,46.08,2.01
05/12/16,46.43,2.01
05/13/16,47.05,2.01
05/16/16,48.49,2.01
05/17/16,48.71,1.96
05/18/16,48.93,1.91
05/19/16,47.01,1.97
05/20/16,48.54,1.91
05/23/16,47.77,1.83
05/24/16,48.42,1.81
05/25/16,48.87,1.96
05/26/16,49.52,1.91
05/27/16,49.09,1.77
05/31/16,49.26,1.77
06/01/16,48.81,1.77
06/02/16,49.05,1.77
06/03/16,48.5,2.12
06/06/16,48.94,2.25
06/07/16,49.76,2.3
06/08/16,50.73,2.31
06/09/16,50.59,2.32
06/10/16,49.7,2.32
06/13/16,49.36,2.36
06/14/16,47.88,2.34
06/15/16,47.47,2.46
06/16/16,45.66,2.55
06/17/16,46.57,2.55
06/20/16,48.68,2.62
06/21/16,48.18,2.62
06/22/16,48.43,2.59
06/23/16,48.63,2.74
06/24/16,46.69,2.79
06/27/16,45.07,2.82
06/28/16,46.29,2.69
06/29/16,48.4,2.71
06/30/16,48.05,2.79
07/01/16,47.65,2.89
07/04/16,48.02,2.94
07/05/16,45.64,2.94
07/06/16,45.7,2.89
07/07/16,45.93,2.89
07/08/16,44.53,2.82
07/11/16,44.04,2.82
07/12/16,46.72,2.78
07/13/16,44.67,2.8
07/14/16,46.01,2.88
07/15/16,46.25,2.88
07/18/16,45.35,2.81
07/19/16,45.7,2.79
07/20/16,45.82,2.7
07/21/16,44.99,2.83
07/22/16,44.24,2.83
07/25/16,43.76,2.76
07/26/16,43.56,2.76
07/27/16,42.78,2.8
07/28/16,41.87,2.8
07/29/16,40.76,2.84
08/01/16,40.17,2.84
08/02/16,40,2.79
08/03/16,40.45,2.97
08/04/16,41.33,2.97
08/05/16,42.47,2.79
08/08/16,43.24,2.89
08/09/16,43.37,2.89
08/10/16,42.19,2.88
08/11/16,44.23,2.85
08/12/16,45.12,2.85
08/15/16,47.31,2.76
08/16/16,48.27,2.7
08/17/16,48.58,2.7
08/18/16,49.46,2.75
08/19/16,49.39,2.75
08/22/16,48.1,2.76
08/23/16,48.7,2.75
08/24/16,47.56,2.67
08/25/16,49.25,2.75
08/26/16,49.66,2.75
08/29/16,49.66,2.82
08/30/16,47.94,2.89
08/31/16,47.94,2.91
09/01/16,45.05,2.97
09/02/16,45.96,2.95
09/05/16,46.72,2.95
09/06/16,46.21,2.95
09/07/16,47,2.88
09/08/16,49.23,2.88
09/09/16,48.37,2.88
09/12/16,47.82,2.77
09/13/16,46.48,2.88
09/14/16,45.65,2.93
09/15/16,45.83,3.04
09/16/16,45.26,3.04
09/19/16,46.04,3.07
09/20/16,45.24,2.98
09/21/16,45.99,2.97
09/22/16,47.21,3
09/23/16,46.71,3.12
09/26/16,46.61,3.19
09/27/16,44.95,3.18
09/28/16,45.49,3.06
09/29/16,48.43,3.06
09/30/16,48.24,3.09
10/03/16,48.61,3.07
10/04/16,48.81,2.98
10/05/16,49.57,2.84
10/06/16,50.14,2.84
10/07/16,50.49,2.83
10/10/16,51.54,2.83
10/11/16,50.48,3.04
10/12/16,49.53,3.02
10/13/16,49.29,3.18
10/14/16,48.87,3.17
10/17/16,49.31,3.17
10/18/16,49.81,3.16
10/19/16,51.85,3.18
10/20/16,50.42,3.21
10/21/16,50.28,3.25
10/24/16,49.8,3.18
10/25/16,49.08,3.12
10/26/16,48.98,2.92
10/27/16,49.13,2.78
10/28/16,47.78,2.69
10/31/16,46.2,2.69
11/01/16,45.77,2.72
11/02/16,44.26,2.72
11/03/16,43.84,2.85
11/04/16,43.06,2.53
11/07/16,42.83,2.53
11/08/16,43.47,2.41
11/09/16,43.88,2.2
11/10/16,43.67,2.37
11/11/16,41.61,2.34
11/14/16,41.83,2.22
11/15/16,44.15,2.08
11/16/16,45.07,2.08
11/17/16,44.57,2.26
11/18/16,44.41,2.49
11/21/16,45.96,2.49
11/22/16,46.1,2.37
11/23/16,46.54,2.6
11/24/16,47.54,2.81
11/25/16,46.32,2.73
11/28/16,46.64,2.76
11/29/16,44.68,2.76
11/30/16,47.95,2.76
12/01/16,52.28,2.96
12/02/16,52.35,3.02
12/05/16,53.3,3.32
12/06/16,52.31,3.32
12/07/16,51.9,3.44
12/08/16,51.6,3.44
12/09/16,52.19,3.75
12/12/16,53.99,3.8
12/13/16,53.28,3.68
12/14/16,53.15,3.75
12/15/16,51.72,3.6
12/16/16,54.15,3.65
12/19/16,53.53,3.55
12/20/16,54.56,3.56
12/21/16,53.01,3.51
12/22/16,54.04,3.55
12/23/16,53.93,3.39
12/28/16,54.95,3.5
12/29/16,54.97,3.5
12/30/16,54.96,3.6
01/03/17,55.05,3.6
01/04/17,54.57,3.7
01/05/17,54.99,3.7
01/06/17,55.9,3.71
01/09/17,54.39,3.71
01/10/17,53.2,3.71
01/11/17,53.61,3.41
01/12/17,54.51,3.42
01/13/17,54.37,3.42
01/16/17,54.3,3.38
01/17/17,54.68,3.14
01/18/17,53.77,3.21
01/19/17,53.18,3.27
01/20/17,55.04,3.36
01/23/17,54.8,3.36
01/24/17,54.7,3.36
01/25/17,54.34,3.37
01/26/17,55.89,3.26
01/27/17,54.8,3.25
01/30/17,54.77,3.23
01/31/17,55.25,3.16
02/01/17,55.79,3.16
02/02/17,55.94,3.26
02/03/17,55.92,3.44
02/06/17,55.02,3.31
02/07/17,53.79,3.22
02/08/17,54.42,3
02/09/17,53.98,3.15
02/10/17,55.2,3.13
02/13/17,54.15,3.13
02/14/17,54.96,2.92
02/15/17,54.57,3.03
02/16/17,54.16,3.05
02/17/17,54.48,3.11
02/20/17,55.25,3.11
02/21/17,56.34,2.93
02/22/17,54.9,2.85
02/23/17,55.82,2.95
02/24/17,54.69,2.88
02/27/17,54.65,2.75
02/28/17,53.36,2.75
03/01/17,55.72,2.56
03/02/17,54.16,2.52
03/03/17,54.12,2.63
03/06/17,54.73,2.63
03/07/17,54.61,2.44
03/08/17,53.3,2.54
03/09/17,50.65,2.54
03/10/17,50.63,2.59
03/13/17,50.1,2.5
03/14/17,49.6,2.68
03/15/17,50.63,2.68
03/16/17,50.56,2.59
03/17/17,50.58,2.83
03/20/17,50.67,2.98
03/21/17,50.14,3.04
03/22/17,49.56,3.02
03/23/17,50.17,3.02
03/24/17,49.97,2.84
03/27/17,50.12,2.85
03/28/17,50.72,2.93
03/29/17,51.36,3.09
03/30/17,52.25,3.02
03/31/17,52.2,2.93
04/03/17,52.04,2.97
04/04/17,53.08,2.94
04/05/17,53.41,2.95
04/06/17,53.62,3.03
04/07/17,54.24,3.08
04/10/17,54.79,3.13
04/11/17,54.73,3.13
04/12/17,54.75,3.06
04/13/17,55.05,3.22
04/17/17,54.79,3.23
04/18/17,52.6,3.23
04/19/17,52.43,3.15
04/20/17,50.66,3.11
04/21/17,49.93,2.97
04/24/17,49.45,3
04/25/17,49.37,3
04/26/17,49.99,3.09
04/27/17,49.46,3.11
04/28/17,49.46,3.11
05/01/17,50.41,3.13
05/02/17,49.31,3.06
05/03/17,48.82,3.06
05/04/17,47.53,2.99
05/05/17,47.45,3.06
05/08/17,46.61,3.13
05/09/17,47.06,3.2
05/10/17,48.09,3.2
05/11/17,49.18,3.13
05/12/17,49.08,3.14
05/15/17,51.29,3.11
05/16/17,51.21,3.1
05/17/17,51.76,3.06
05/18/17,51.71,3.03
05/19/17,52.78,3.03
05/22/17,53.35,3.23
05/23/17,53.19,3.24
05/24/17,53.29,3.26
05/25/17,52.25,3.27
05/26/17,50.84,3.27
05/29/17,52.25,3.13
05/30/17,50.65,3.11
05/31/17,49.4,3.24
06/01/17,50.41,3.22
06/02/17,48.46,3.22
06/05/17,48.25,3.1
06/06/17,48.11,3.1
06/07/17,47.08,3.1
06/08/17,46.3,3.1
06/09/17,46.64,3.05
06/12/17,47.18,3.05
06/13/17,46.95,2.85
06/14/17,45.47,2.92
06/15/17,45.61,2.92
06/16/17,45.7,3.06
06/19/17,45.93,2.98
06/20/17,43.98,3.03
06/21/17,44.62,3.12
06/22/17,44.46,3.12
06/23/17,44.14,2.95
06/26/17,44.09,2.94
06/27/17,46.17,3.01
06/28/17,46.45,2.87
06/29/17,47.02,2.91
06/30/17,47.08,2.91
07/03/17,49.13,2.88
07/04/17,49.15,2.89
07/05/17,47.58,2.98
07/06/17,48.53,2.99
07/07/17,46.47,3.03
07/10/17,46.57,3.07
07/11/17,46.68,2.98
07/12/17,46.73,2.98
07/13/17,47.65,2.98
07/14/17,47.89,2.98
07/17/17,47.66,2.89
07/18/17,47.92,2.91
07/19/17,48.34,2.92
07/20/17,48.54,2.98
07/21/17,47.47,3.01
07/24/17,47.81,2.96
07/25/17,49.19,2.94
07/26/17,50.08,3.04
07/27/17,50.67,3.11
07/28/17,52,3.11
07/31/17,51.99,3.12
08/01/17,50.77,3.06
08/02/17,52.09,2.99
08/03/17,52.88,2.99
08/04/17,52.48,2.92
08/07/17,51.42,2.95
08/08/17,52.18,2.96
08/09/17,52.16,2.87
08/10/17,52.59,2.8
08/11/17,51.47,2.8
08/14/17,51.29,2.76
08/15/17,49.9,2.76
08/16/17,50.39,2.8
08/17/17,50.37,2.81
08/18/17,50.96,2.81
08/21/17,51.94,2.89
08/22/17,52.29,2.96
08/23/17,52.31,3.02
08/24/17,51.73,2.96
08/25/17,51.87,2.94
08/28/17,51.87,2.91
08/29/17,51.64,2.9
08/30/17,51.91,3
08/31/17,52.69,3
09/01/17,53.15,2.94
09/04/17,52.6,2.97
09/05/17,53.63,2.93
09/06/17,54.48,2.95
09/07/17,54.16,2.95
09/08/17,54.55,2.95
09/11/17,54.2,2.92
09/12/17,55.06,2.88
09/13/17,55.52,2.88
09/14/17,56.76,2.88
09/15/17,56.18,2.98
09/18/17,55.5,2.92
09/19/17,56.58,2.88
09/20/17,57.2,2.88
09/21/17,57.73,2.88
09/22/17,58.16,3.02
09/25/17,59.42,3.03
09/26/17,59.77,3
09/27/17,58.74,3.11
09/28/17,58.8,3.18
09/29/17,57.02,3.13
10/02/17,55.67,3.11
10/03/17,56.12,2.93
10/04/17,56,2.96
10/05/17,57.09,2.96
10/06/17,55.5,2.98
10/09/17,55.29,2.96
10/10/17,56.62,2.94
10/11/17,56.13,2.94
10/12/17,56.13,2.73
10/13/17,56.86,2.8
10/16/17,57.49,2.8
10/17/17,57.63,2.93
10/18/17,58.05,2.87
10/19/17,57.82,2.89
10/20/17,57.89,2.89
10/23/17,57.69,2.95
10/24/17,57.84,2.99
10/25/17,58.45,2.87
10/26/17,58.75,2.88
10/27/17,60.15,2.81
10/30/17,60.65,2.83
10/31/17,61.35,2.8
11/01/17,60.98,2.95
11/02/17,60.79,2.95
11/03/17,61.42,2.98
11/06/17,64.27,2.91
11/07/17,64.36,2.78
11/08/17,63.96,2.94
11/09/17,64.49,2.84
11/10/17,64.35,2.68
11/13/17,62.94,2.68
11/14/17,60.91,2.75
11/15/17,61.25,3.01
11/16/17,61.18,3.07
11/17/17,61.34,3.16
11/20/17,61.34,3.18
11/21/17,62.28,3.17
11/22/17,62.92,3.13
11/23/17,63.27,3.06
11/24/17,63.58,3.16
11/27/17,63.25,3.09
11/28/17,63.56,3.04
11/29/17,63.74,3.04
11/30/17,63.53,3.05
12/01/17,64.57,3.05
12/04/17,63.45,3.05
12/05/17,63.45,3.05
12/06/17,62.25,2.88
12/07/17,62.37,2.88
12/08/17,63.86,3.06
12/11/17,65.62,3.06
12/12/17,64.96,2.84
12/13/17,63.66,2.91
12/14/17,63.72,2.86
12/15/17,63.81,2.86
12/18/17,64.45,2.81
12/19/17,63.69,2.78
12/20/17,64.43,2.81
12/21/17,64.64,2.87
12/22/17,64.61,2.87
12/27/17,66.03,2.69
12/28/17,66.8,2.6
12/29/17,66.73,2.71
01/02/18,66.65,2.75
01/03/18,67.85,2.72
01/04/18,68.73,2.64
01/05/18,68.01,2.63
01/08/18,68.48,2.68
01/09/18,69.08,2.76
01/10/18,69.79,2.97
01/11/18,70.36,3.69
01/12/18,69.64,6.24
01/15/18,70.31,6.24
01/16/18,69.4,4.65
01/17/18,69.19,2.89
01/18/18,69.48,2.93
01/19/18,68.56,3.16
01/22/18,69.32,3.16
01/23/18,69.81,4.06
01/24/18,69.91,5.46
01/25/18,71.08,3.92
01/26/18,70.08,3.92
01/29/18,68.41,3.2
01/30/18,67.78,3.13
01/31/18,67.78,3.35
02/01/18,68.6,3.54
02/02/18,67.45,3.54
02/05/18,67.69,3.58
02/06/18,66.75,3.6
02/07/18,65.74,3.6
02/08/18,64.26,3.34
02/09/18,63.04,3.06
02/12/18,62.2,2.91
02/13/18,61.94,2.85
02/14/18,62.29,2.75
02/15/18,62.86,2.74
02/16/18,64.3,2.74
02/19/18,64.95,2.66
02/20/18,64.68,2.6
02/21/18,64.81,2.58
02/22/18,66.12,2.53
02/23/18,67.04,2.49
02/26/18,67.96,2.49
02/27/18,67.59,2.61
02/28/18,66.08,2.65
03/01/18,64.23,2.65
03/02/18,64.26,2.58
03/05/18,65.78,2.6
03/06/18,65.67,2.59
03/07/18,65.09,2.66
03/08/18,63.87,2.67
03/09/18,65.19,2.67
03/12/18,64.53,2.7
03/13/18,64.2,2.7
03/14/18,63.61,2.8
03/15/18,63.67,2.8
03/16/18,64.68,2.71
03/19/18,64.82,2.78
03/20/18,66,2.76
03/21/18,68.15,2.69
03/22/18,68.98,2.7
03/23/18,69.03,2.62
03/26/18,68.81,2.62
03/27/18,68.63,2.71
03/28/18,68.13,2.74
03/29/18,69.02,2.62
04/03/18,69.02,2.58
04/04/18,66.04,2.63
04/05/18,66.54,2.6
04/06/18,66.51,2.64
04/09/18,68.19,2.81
04/10/18,70.67,2.75
04/11/18,72.74,2.75
04/12/18,71.44,2.81
04/13/18,73.18,2.81
04/16/18,72.05,2.81
04/17/18,71.71,2.78
04/18/18,73.73,2.78
04/19/18,74.85,2.74
04/20/18,74.62,2.76
04/23/18,74.54,2.82
04/24/18,75.86,2.88
04/25/18,73.79,2.84
04/26/18,75.39,2.85
04/27/18,75.33,2.8
04/30/18,75.92,2.78
05/01/18,74.85,2.78
05/02/18,73.14,2.79
05/03/18,73.45,2.81
05/04/18,74.75,2.81
05/07/18,74.75,2.82
